Source File Name,Dataset File Name,Class ID,Class Name
17548__A.wav,1_10101.wav,1,Fire
17548_B.wav,1_10102.wav,1,Fire
17548_C.wav,1_10103.wav,1,Fire
17548_D.wav,1_10104.wav,1,Fire
17548_E.wav,1_10105.wav,1,Fire
17548_F.wav,1_10106.wav,1,Fire
17548_G.wav,1_10107.wav,1,Fire
17548_H.wav,1_10108.wav,1,Fire
17717_A.wav,1_10109.wav,1,Fire
17717_B.wav,1_10110.wav,1,Fire
17717_C.wav,1_10111.wav,1,Fire
17717_D.wav,1_10112.wav,1,Fire
61311_A.wav,1_10113.wav,1,Fire
61311_B.wav,1_10114.wav,1,Fire
61311_C.wav,1_10115.wav,1,Fire
61311_D.wav,1_10116.wav,1,Fire
61311_E.wav,1_10117.wav,1,Fire
61311_F.wav,1_10118.wav,1,Fire
61311_G.wav,1_10119.wav,1,Fire
61311_H.wav,1_10120.wav,1,Fire
61311_I.wav,1_10121.wav,1,Fire
74963_A.wav,1_10122.wav,1,Fire
74963_B.wav,1_10123.wav,1,Fire
74963_C.wav,1_10124.wav,1,Fire
74963_D.wav,1_10125.wav,1,Fire
74963_E.wav,1_10126.wav,1,Fire
74963_F.wav,1_10127.wav,1,Fire
74963_G.wav,1_10128.wav,1,Fire
74963_H.wav,1_10129.wav,1,Fire
74963_I.wav,1_10130.wav,1,Fire
104956_A.wav,1_10131.wav,1,Fire
104956_B.wav,1_10132.wav,1,Fire
104956_C.wav,1_10133.wav,1,Fire
104956_D.wav,1_10134.wav,1,Fire
104956_E.wav,1_10135.wav,1,Fire
253770_A.wav,1_10136.wav,1,Fire
253770_B.wav,1_10137.wav,1,Fire
253770_C.wav,1_10138.wav,1,Fire
253770_D.wav,1_10139.wav,1,Fire
253770_E.wav,1_10140.wav,1,Fire
253770_F.wav,1_10141.wav,1,Fire
253770_G.wav,1_10142.wav,1,Fire
253770_H.wav,1_10143.wav,1,Fire
363092_A.wav,1_10144.wav,1,Fire
363092_B.wav,1_10145.wav,1,Fire
363092_C.wav,1_10146.wav,1,Fire
363092_D.wav,1_10147.wav,1,Fire
363092_E.wav,1_10148.wav,1,Fire
363092_F.wav,1_10149.wav,1,Fire
393436_A.wav,1_10150.wav,1,Fire
393436_B.wav,1_10151.wav,1,Fire
393436_C.wav,1_10152.wav,1,Fire
393436_D.wav,1_10153.wav,1,Fire
393436_E.wav,1_10154.wav,1,Fire
408531_A.wav,1_10155.wav,1,Fire
408531_B.wav,1_10156.wav,1,Fire
408531_C.wav,1_10157.wav,1,Fire
408531_D.wav,1_10158.wav,1,Fire
408531_E.wav,1_10159.wav,1,Fire
408531_F.wav,1_10160.wav,1,Fire
408531_G.wav,1_10161.wav,1,Fire
408531_H.wav,1_10162.wav,1,Fire
414767_A.wav,1_10163.wav,1,Fire
414767_B.wav,1_10164.wav,1,Fire
414767_C.wav,1_10165.wav,1,Fire
418274_A.wav,1_10166.wav,1,Fire
483311_A.wav,1_10167.wav,1,Fire
483311_B.wav,1_10168.wav,1,Fire
483311_C.wav,1_10169.wav,1,Fire
499032_A.wav,1_10170.wav,1,Fire
499032_B.wav,1_10171.wav,1,Fire
532191_A.wav,1_10172.wav,1,Fire
532191_B.wav,1_10173.wav,1,Fire
532191_C.wav,1_10174.wav,1,Fire
532191_D.wav,1_10175.wav,1,Fire
34065.wav,2_10201.wav,2,Rain
34066.wav,2_10202.wav,2,Rain
34067.wav,2_10203.wav,2,Rain
34068.wav,2_10204.wav,2,Rain
34069.wav,2_10205.wav,2,Rain
34070.wav,2_10206.wav,2,Rain
34071.wav,2_10207.wav,2,Rain
34072.wav,2_10208.wav,2,Rain
34073.wav,2_10209.wav,2,Rain
37618.wav,2_10210.wav,2,Rain
56306.wav,2_10211.wav,2,Rain
56308.wav,2_10212.wav,2,Rain
56309.wav,2_10213.wav,2,Rain
56310.wav,2_10214.wav,2,Rain
82366.wav,2_10215.wav,2,Rain
120695.wav,2_10216.wav,2,Rain
120698.wav,2_10217.wav,2,Rain
120699.wav,2_10218.wav,2,Rain
120701.wav,2_10219.wav,2,Rain
120808.wav,2_10220.wav,2,Rain
134909.wav,2_10221.wav,2,Rain
157487.wav,2_10222.wav,2,Rain
202898.wav,2_10223.wav,2,Rain
231686.wav,2_10224.wav,2,Rain
231687.wav,2_10225.wav,2,Rain
237729.wav,2_10226.wav,2,Rain
244053.wav,2_10227.wav,2,Rain
262005.wav,2_10228.wav,2,Rain
267105.wav,2_10229.wav,2,Rain
316894.wav,2_10230.wav,2,Rain
316895.wav,2_10231.wav,2,Rain
322963.wav,2_10232.wav,2,Rain
322964.wav,2_10233.wav,2,Rain
322965.wav,2_10234.wav,2,Rain
322966.wav,2_10235.wav,2,Rain
337791.wav,2_10236.wav,2,Rain
344460.wav,2_10237.wav,2,Rain
344461.wav,2_10238.wav,2,Rain
344462.wav,2_10239.wav,2,Rain
346641.wav,2_10240.wav,2,Rain
346642.wav,2_10241.wav,2,Rain
360328.wav,2_10242.wav,2,Rain
387062.wav,2_10243.wav,2,Rain
387064.wav,2_10244.wav,2,Rain
394936.wav,2_10245.wav,2,Rain
396482.wav,2_10246.wav,2,Rain
396483.wav,2_10247.wav,2,Rain
398738.wav,2_10248.wav,2,Rain
398739.wav,2_10249.wav,2,Rain
398740.wav,2_10250.wav,2,Rain
398741.wav,2_10251.wav,2,Rain
398742.wav,2_10252.wav,2,Rain
399281.wav,2_10253.wav,2,Rain
400402.wav,2_10254.wav,2,Rain
401276.wav,2_10255.wav,2,Rain
437037.wav,2_10256.wav,2,Rain
464280.wav,2_10257.wav,2,Rain
464283.wav,2_10258.wav,2,Rain
468024.wav,2_10259.wav,2,Rain
468025.wav,2_10260.wav,2,Rain
476202.wav,2_10261.wav,2,Rain
511348.wav,2_10262.wav,2,Rain
516248.wav,2_10263.wav,2,Rain
527498.wav,2_10264.wav,2,Rain
533522.wav,2_10265.wav,2,Rain
533760.wav,2_10266.wav,2,Rain
575460.wav,2_10267.wav,2,Rain
575462.wav,2_10268.wav,2,Rain
575464.wav,2_10269.wav,2,Rain
575465.wav,2_10270.wav,2,Rain
579840_1.wav,2_10271.wav,2,Rain
579840_2.wav,2_10272.wav,2,Rain
592344.wav,2_10273.wav,2,Rain
592345.wav,2_10274.wav,2,Rain
640651.wav,2_10275.wav,2,Rain
23779.wav,3_10301.wav,3,Thunderstorm
24003.wav,3_10302.wav,3,Thunderstorm
29675.wav,3_10303.wav,3,Thunderstorm
35969.wav,3_10304.wav,3,Thunderstorm
39877.wav,3_10305.wav,3,Thunderstorm
99081.wav,3_10306.wav,3,Thunderstorm
99082.wav,3_10307.wav,3,Thunderstorm
99083.wav,3_10308.wav,3,Thunderstorm
99084.wav,3_10309.wav,3,Thunderstorm
155147.wav,3_10310.wav,3,Thunderstorm
160154.wav,3_10311.wav,3,Thunderstorm
160155.wav,3_10312.wav,3,Thunderstorm
161503.wav,3_10313.wav,3,Thunderstorm
161503_1.wav,3_10314.wav,3,Thunderstorm
194842.wav,3_10315.wav,3,Thunderstorm
194872.wav,3_10316.wav,3,Thunderstorm
238794.wav,3_10317.wav,3,Thunderstorm
238801.wav,3_10318.wav,3,Thunderstorm
238803.wav,3_10319.wav,3,Thunderstorm
238804.wav,3_10320.wav,3,Thunderstorm
239489.wav,3_10321.wav,3,Thunderstorm
239490.wav,3_10322.wav,3,Thunderstorm
239493.wav,3_10323.wav,3,Thunderstorm
240368.wav,3_10324.wav,3,Thunderstorm
250107.wav,3_10325.wav,3,Thunderstorm
256093.wav,3_10326.wav,3,Thunderstorm
259650.wav,3_10327.wav,3,Thunderstorm
325156.wav,3_10328.wav,3,Thunderstorm
341945.wav,3_10329.wav,3,Thunderstorm
345032.wav,3_10330.wav,3,Thunderstorm
348076.wav,3_10331.wav,3,Thunderstorm
360328.wav,3_10332.wav,3,Thunderstorm
367004.wav,3_10333.wav,3,Thunderstorm
367510.wav,3_10334.wav,3,Thunderstorm
397952.wav,3_10335.wav,3,Thunderstorm
580879.wav,3_10336.wav,3,Thunderstorm
399870.wav,3_10337.wav,3,Thunderstorm
400076.wav,3_10338.wav,3,Thunderstorm
400076_1.wav,3_10339.wav,3,Thunderstorm
413833.wav,3_10340.wav,3,Thunderstorm
426447.wav,3_10341.wav,3,Thunderstorm
39877__csengeri__thunderrumble19august2007.wav,3_10342.wav,3,Thunderstorm
426859.wav,3_10343.wav,3,Thunderstorm
436794.wav,3_10344.wav,3,Thunderstorm
441837.wav,3_10345.wav,3,Thunderstorm
455087.wav,3_10346.wav,3,Thunderstorm
464259.wav,3_10347.wav,3,Thunderstorm
464260.wav,3_10348.wav,3,Thunderstorm
467324.wav,3_10349.wav,3,Thunderstorm
473866.wav,3_10350.wav,3,Thunderstorm
474995_1.wav,3_10351.wav,3,Thunderstorm
474995_2.wav,3_10352.wav,3,Thunderstorm
474996_1.wav,3_10353.wav,3,Thunderstorm
474996_2.wav,3_10354.wav,3,Thunderstorm
527664.wav,3_10355.wav,3,Thunderstorm
536093.wav,3_10356.wav,3,Thunderstorm
538615.wav,3_10357.wav,3,Thunderstorm
538615_1.wav,3_10358.wav,3,Thunderstorm
574652_1.wav,3_10359.wav,3,Thunderstorm
547652_2.wav,3_10360.wav,3,Thunderstorm
553800.wav,3_10361.wav,3,Thunderstorm
564987_1.wav,3_10362.wav,3,Thunderstorm
564987_2.wav,3_10363.wav,3,Thunderstorm
564992.wav,3_10364.wav,3,Thunderstorm
564994.wav,3_10365.wav,3,Thunderstorm
564999.wav,3_10366.wav,3,Thunderstorm
570351.wav,3_10367.wav,3,Thunderstorm
570601.wav,3_10368.wav,3,Thunderstorm
580446.wav,3_10369.wav,3,Thunderstorm
580451.wav,3_10370.wav,3,Thunderstorm
580452.wav,3_10371.wav,3,Thunderstorm
580879_1.wav,3_10372.wav,3,Thunderstorm
581125.wav,3_10373.wav,3,Thunderstorm
608170.wav,3_10374.wav,3,Thunderstorm
615844.wav,3_10375.wav,3,Thunderstorm
395488_3.wav,4_10401.wav,4,WaterDrops
348358_1.wav,4_10402.wav,4,WaterDrops
212112_3.wav,4_10403.wav,4,WaterDrops
500319_2.wav,4_10404.wav,4,WaterDrops
102954_1.wav,4_10405.wav,4,WaterDrops
582619_1.wav,4_10406.wav,4,WaterDrops
102954_2.wav,4_10407.wav,4,WaterDrops
102953_2.wav,4_10408.wav,4,WaterDrops
500319_1.wav,4_10409.wav,4,WaterDrops
348358_2.wav,4_10410.wav,4,WaterDrops
515915_1.wav,4_10411.wav,4,WaterDrops
395488_2.wav,4_10412.wav,4,WaterDrops
159172_4.wav,4_10413.wav,4,WaterDrops
212112_2.wav,4_10414.wav,4,WaterDrops
395488_5.wav,4_10415.wav,4,WaterDrops
395488_4.wav,4_10416.wav,4,WaterDrops
500319_3.wav,4_10417.wav,4,WaterDrops
159172_2.wav,4_10418.wav,4,WaterDrops
396863_2.wav,4_10419.wav,4,WaterDrops
102953_1.wav,4_10420.wav,4,WaterDrops
395488_1.wav,4_10421.wav,4,WaterDrops
396863_1.wav,4_10422.wav,4,WaterDrops
500319_4.wav,4_10423.wav,4,WaterDrops
159172_1.wav,4_10424.wav,4,WaterDrops
212112_1.wav,4_10425.wav,4,WaterDrops
105954_3.wav,4_10426.wav,4,WaterDrops
396863_3.wav,4_10427.wav,4,WaterDrops
396862_1.wav,4_10428.wav,4,WaterDrops
500319_5.wav,4_10429.wav,4,WaterDrops
159172_3.wav,4_10430.wav,4,WaterDrops
35625__1.wav,4_10431.wav,4,WaterDrops
280230_5.wav,4_10432.wav,4,WaterDrops
396861_5.wav,4_10433.wav,4,WaterDrops
396861_2.wav,4_10434.wav,4,WaterDrops
11597_2.wav,4_10435.wav,4,WaterDrops
11597_1.wav,4_10436.wav,4,WaterDrops
396861_3.wav,4_10437.wav,4,WaterDrops
187656_5.wav,4_10438.wav,4,WaterDrops
187656_4.wav,4_10439.wav,4,WaterDrops
396861_1.wav,4_10440.wav,4,WaterDrops
132151_2.wav,4_10441.wav,4,WaterDrops
269343_3.wav,4_10442.wav,4,WaterDrops
221590_2.wav,4_10443.wav,4,WaterDrops
280230_4.wav,4_10444.wav,4,WaterDrops
187657_1.wav,4_10445.wav,4,WaterDrops
280230_3.wav,4_10446.wav,4,WaterDrops
197965_1.wav,4_10447.wav,4,WaterDrops
187657_3.wav,4_10448.wav,4,WaterDrops
132151_1.wav,4_10449.wav,4,WaterDrops
377877_1.wav,4_10450.wav,4,WaterDrops
402599_1.wav,4_10451.wav,4,WaterDrops
269343_1.wav,4_10452.wav,4,WaterDrops
187656_3.wav,4_10453.wav,4,WaterDrops
280230_6.wav,4_10454.wav,4,WaterDrops
280230_1.wav,4_10455.wav,4,WaterDrops
132151_3.wav,4_10456.wav,4,WaterDrops
187656_6.wav,4_10457.wav,4,WaterDrops
280230_8.wav,4_10458.wav,4,WaterDrops
221590_1.wav,4_10459.wav,4,WaterDrops
187656_1.wav,4_10460.wav,4,WaterDrops
396861_4.wav,4_10461.wav,4,WaterDrops
269343_2.wav,4_10462.wav,4,WaterDrops
280230_2.wav,4_10463.wav,4,WaterDrops
187656_2.wav,4_10464.wav,4,WaterDrops
280230_7.wav,4_10465.wav,4,WaterDrops
187657_2.wav,4_10466.wav,4,WaterDrops
402599_2.wav,4_10467.wav,4,WaterDrops
462484_1.wav,4_10468.wav,4,WaterDrops
496085_4.wav,4_10469.wav,4,WaterDrops
402599_4.wav,4_10470.wav,4,WaterDrops
67321_4.wav,4_10471.wav,4,WaterDrops
67321_3.wav,4_10472.wav,4,WaterDrops
67321_2.wav,4_10473.wav,4,WaterDrops
534969_2.wav,4_10474.wav,4,WaterDrops
496085_3.wav,4_10475.wav,4,WaterDrops
104952_3.wav,5_10501.wav,5,Wind
16995_3.wav,5_10502.wav,5,Wind
16995_1.wav,5_10503.wav,5,Wind
104952_2.wav,5_10504.wav,5,Wind
106134_2.wav,5_10505.wav,5,Wind
16994_2.wav,5_10506.wav,5,Wind
22384_2.wav,5_10507.wav,5,Wind
110919_1.wav,5_10508.wav,5,Wind
22383_1.wav,5_10509.wav,5,Wind
17383_2.wav,5_10510.wav,5,Wind
110919_3.wav,5_10511.wav,5,Wind
22384_3.wav,5_10512.wav,5,Wind
104952_4.wav,5_10513.wav,5,Wind
16994_3.wav,5_10514.wav,5,Wind
16995_2.wav,5_10515.wav,5,Wind
17383_1.wav,5_10516.wav,5,Wind
106134_3.wav,5_10517.wav,5,Wind
16994_1.wav,5_10518.wav,5,Wind
110919_2.wav,5_10519.wav,5,Wind
104952_1.wav,5_10520.wav,5,Wind
15542__1.wav,5_10521.wav,5,Wind
110919_4.wav,5_10522.wav,5,Wind
22384_1.wav,5_10523.wav,5,Wind
106134_1.wav,5_10524.wav,5,Wind
73708_2.wav,5_10525.wav,5,Wind
34409_1.wav,5_10526.wav,5,Wind
26366_1.wav,5_10527.wav,5,Wind
73712_1.wav,5_10528.wav,5,Wind
73712_3.wav,5_10529.wav,5,Wind
45479_1.wav,5_10530.wav,5,Wind
81725_2.wav,5_10531.wav,5,Wind
73719_2.wav,5_10532.wav,5,Wind
33196_1.wav,5_10533.wav,5,Wind
58556_2.wav,5_10534.wav,5,Wind
73710_3.wav,5_10535.wav,5,Wind
33195_1.wav,5_10536.wav,5,Wind
84735_2.wav,5_10537.wav,5,Wind
73712_2.wav,5_10538.wav,5,Wind
73710_4.wav,5_10539.wav,5,Wind
26366_3.wav,5_10540.wav,5,Wind
45479_2.wav,5_10541.wav,5,Wind
58556_1.wav,5_10542.wav,5,Wind
81727_1.wav,5_10543.wav,5,Wind
73719_3.wav,5_10544.wav,5,Wind
73710_1.wav,5_10545.wav,5,Wind
73710_2.wav,5_10546.wav,5,Wind
34407_1.wav,5_10547.wav,5,Wind
81725_1.wav,5_10548.wav,5,Wind
33196_2.wav,5_10549.wav,5,Wind
73719_1.wav,5_10550.wav,5,Wind
81756_2.wav,5_10551.wav,5,Wind
33195_2.wav,5_10552.wav,5,Wind
58556_3.wav,5_10553.wav,5,Wind
34409_2.wav,5_10554.wav,5,Wind
84735_1.wav,5_10555.wav,5,Wind
26366_2.wav,5_10556.wav,5,Wind
81728_1.wav,5_10557.wav,5,Wind
34409_3.wav,5_10558.wav,5,Wind
73708_1.wav,5_10559.wav,5,Wind
81756_1.wav,5_10560.wav,5,Wind
33195_3.wav,5_10561.wav,5,Wind
73708_3.wav,5_10562.wav,5,Wind
34408_1.wav,5_10563.wav,5,Wind
81756_3.wav,5_10564.wav,5,Wind
73708_4.wav,5_10565.wav,5,Wind
97178_1.wav,5_10566.wav,5,Wind
98563_3.wav,5_10567.wav,5,Wind
97178_2.wav,5_10568.wav,5,Wind
95403_2.wav,5_10569.wav,5,Wind
84735_3.wav,5_10570.wav,5,Wind
97178_3.wav,5_10571.wav,5,Wind
84735_4.wav,5_10572.wav,5,Wind
84735_5.wav,5_10573.wav,5,Wind
95403_1.wav,5_10574.wav,5,Wind
98563_1.wav,5_10575.wav,5,Wind
renam (1).wav,6_10601.wav,6,Silence
rename2.wav,6_10602.wav,6,Silence
193045__(1)_frithjof__stille-mit-vogel (1).wav,6_10603.wav,6,Silence
67881__(1)_figowitz__ice-crackingwav (1).wav,6_10604.wav,6,Silence
67881__(2)_figowitz__ice-crackingwav.wav,6_10605.wav,6,Silence
67881__(3)_figowitz__ice-crackingwav.wav,6_10606.wav,6,Silence
67881__(4)_figowitz__ice-crackingwav.wav,6_10607.wav,6,Silence
379210__(1)_13f-panska-petruzelova-anna__silence-in-the-forest (1).wav,6_10608.wav,6,Silence
379210__(2)_13f-panska-petruzelova-anna__silence-in-the-forest.wav,6_10609.wav,6,Silence
379210__(3)_13f-panska-petruzelova-anna__silence-in-the-forest.wav,6_10610.wav,6,Silence
379210__(4)_13f-panska-petruzelova-anna__silence-in-the-forest .wav,6_10611.wav,6,Silence
379210__(5)_13f-panska-petruzelova-anna__silence-in-the-forest .wav,6_10612.wav,6,Silence
379247__13f-panska-petruzelova-anna__deep-silent-in-the-forest(1) (1).wav,6_10613.wav,6,Silence
379247__13f-panska-petruzelova-anna__deep-silent-in-the-forest(2).wav,6_10614.wav,6,Silence
379247__13f-panska-petruzelova-anna__deep-silent-in-the-forest(4).wav,6_10615.wav,6,Silence
379247__13f-panska-petruzelova-anna__deep-silent-in-the-forest(5).wav,6_10616.wav,6,Silence
379247__13f-panska-petruzelova-anna__deep-silent-in-the-forest(6).wav,6_10617.wav,6,Silence
178136__(1)_klankbeeld__pineforest-0-2-bft-winter130213-00 (1).wav,6_10618.wav,6,Silence
178136__(2)_klankbeeld__pineforest-0-2-bft-winter130213-00 (1).wav,6_10619.wav,6,Silence
178136__(3)_klankbeeld__pineforest-0-2-bft-winter130213-00.wav,6_10620.wav,6,Silence
178136__(4)_klankbeeld__pineforest-0-2-bft-winter130213-00.wav,6_10621.wav,6,Silence
178136__(5)_klankbeeld__pineforest-0-2-bft-winter130213-00.wav,6_10622.wav,6,Silence
178136__(6)_klankbeeld__pineforest-0-2-bft-winter130213-00.wav,6_10623.wav,6,Silence
178136__(7)_klankbeeld__pineforest-0-2-bft-winter130213-00 (1).wav,6_10624.wav,6,Silence
178136__(8)_klankbeeld__pineforest-0-2-bft-winter130213-00 (1).wav,6_10625.wav,6,Silence
178136__(9)_klankbeeld__pineforest-0-2-bft-winter130213-00.wav,6_10626.wav,6,Silence
178136__(10)_klankbeeld__pineforest-0-2-bft-winter130213-00 .wav,6_10627.wav,6,Silence
179588__(1)_stormpetrel__westland-petrels-land-in-their-colony-at-dawn (1).wav,6_10628.wav,6,Silence
79588__(2)_stormpetrel__westland-petrels-land-in-their-colony-at-dawn (1).wav,6_10629.wav,6,Silence
179588__(3)_stormpetrel__westland-petrels-land-in-their-colony-at-dawn.wav,6_10630.wav,6,Silence
179588__(4)_stormpetrel__westland-petrels-land-in-their-colony-at-daw.wav,6_10631.wav,6,Silence
179588__(5)_stormpetrel__westland-petrels-land-in-their-colony-at-dawn (1).wav,6_10632.wav,6,Silence
179588__(6)_stormpetrel__westland-petrels-land-in-their-colony-at-dawn (1).wav,6_10633.wav,6,Silence
179588__(7)_stormpetrel__westland-petrels-land-in-their-colony-at-dawn.wav,6_10634.wav,6,Silence
179588__(8)_stormpetrel__westland-petrels-land-in-their-colony-at-dawn.wav,6_10635.wav,6,Silence
179588__(9)_stormpetrel__westland-petrels-land-in-their-colony-at-dawn.wav,6_10636.wav,6,Silence
179588__(10)_stormpetrel__westland-petrels-land-in-their-colony-at-dawn.wav,6_10637.wav,6,Silence
184219__(1)_thorvandahl__forest-closer-to-silence .wav,6_10638.wav,6,Silence
184219__(2)_thorvandahl__forest-closer-to-silence.wav,6_10639.wav,6,Silence
184219__(3)_thorvandahl__forest-closer-to-silence (1).wav,6_10640.wav,6,Silence
184219__(4)_thorvandahl__forest-closer-to-silence (1).wav,6_10641.wav,6,Silence
184219__(5)_thorvandahl__forest-closer-to-silence.wav,6_10642.wav,6,Silence
184219__(6)_thorvandahl__forest-closer-to-silence (1).wav,6_10643.wav,6,Silence
184219__(7)_thorvandahl__forest-closer-to-silence.wav,6_10644.wav,6,Silence
184219__(8)_thorvandahl__forest-closer-to-silence (1).wav,6_10645.wav,6,Silence
184219__(9)_thorvandahl__forest-closer-to-silence.wav,6_10646.wav,6,Silence
184219__(10)_thorvandahl__forest-closer-to-silence.wav,6_10647.wav,6,Silence
336473__(1)_klankbeeld__woodpeckers-looking-for-food-130215-00.wav,6_10648.wav,6,Silence
336473__(2)_klankbeeld__woodpeckers-looking-for-food-130215-00 (1).wav,6_10649.wav,6,Silence
336473__(3)_klankbeeld__woodpeckers-looking-for-food-130215-00 (1).wav,6_10650.wav,6,Silence
336473__(4)_klankbeeld__woodpeckers-looking-for-food-130215-00 (1).wav,6_10651.wav,6,Silence
336473__(5)_klankbeeld__woodpeckers-looking-for-food-130215-00.wav,6_10652.wav,6,Silence
336473__(6)_klankbeeld__woodpeckers-looking-for-food-130215-00 (1).wav,6_10653.wav,6,Silence
336473__(7)_klankbeeld__woodpeckers-looking-for-food-130215-00.wav,6_10654.wav,6,Silence
336473__(8)_klankbeeld__woodpeckers-looking-for-food-130215-00.wav,6_10655.wav,6,Silence
336473__(9)_klankbeeld__woodpeckers-looking-for-food-130215-00.wav,6_10656.wav,6,Silence
336473__(10)_klankbeeld__woodpeckers-looking-for-food-130215-00.wav,6_10657.wav,6,Silence
492171__(1)_jgrzinich__winds-and-light-snow-in-a-forest (1).wav,6_10658.wav,6,Silence
492171__(2)_jgrzinich__winds-and-light-snow-in-a-forest (1).wav,6_10659.wav,6,Silence
492171__(3)_jgrzinich__winds-and-light-snow-in-a-forest.wav,6_10660.wav,6,Silence
492171__(4)_jgrzinich__winds-and-light-snow-in-a-forest (1).wav,6_10661.wav,6,Silence
492171__(5)_jgrzinich__winds-and-light-snow-in-a-forest .wav,6_10662.wav,6,Silence
492171__(6)_jgrzinich__winds-and-light-snow-in-a-forest (1).wav,6_10663.wav,6,Silence
492171__(7)_jgrzinich__winds-and-light-snow-in-a-forest.wav,6_10664.wav,6,Silence
492171__(8)_jgrzinich__winds-and-light-snow-in-a-forest.wav,6_10665.wav,6,Silence
348510__(1)_marlo1981__country-side-night-ambience (1).wav,6_10666.wav,6,Silence
348510__(2)_marlo1981__country-side-night-ambience.wav,6_10667.wav,6,Silence
348510__(3)_marlo1981__country-side-night-ambience (1).wav,6_10668.wav,6,Silence
348510__(4)_marlo1981__country-side-night-ambience (1).wav,6_10669.wav,6,Silence
348510__(5)_marlo1981__country-side-night-ambience.wav,6_10670.wav,6,Silence
348510__(6)_marlo1981__country-side-night-ambience.wav,6_10671.wav,6,Silence
348510__(7)_marlo1981__country-side-night-ambience (1).wav,6_10672.wav,6,Silence
348510__(8)_marlo1981__country-side-night-ambience (1).wav,6_10673.wav,6,Silence
492171_(9)_jgrzinich__winds-and-light-snow-in-a-forest.wav,6_10674.wav,6,Silence
492171_(10)_jgrzinich__winds-and-light-snow-in-a-forest.wav,6_10675.wav,6,Silence
23709_A.wav,7_10701.wav,7,TreeFalling
23709_B.wav,7_10702.wav,7,TreeFalling
150203_A.wav,7_10703.wav,7,TreeFalling
150203_B.wav,7_10704.wav,7,TreeFalling
150203_C.wav,7_10705.wav,7,TreeFalling
165551_A.wav,7_10706.wav,7,TreeFalling
165551_B.wav,7_10707.wav,7,TreeFalling
414093_A.wav,7_10708.wav,7,TreeFalling
414093_B.wav,7_10709.wav,7,TreeFalling
438343_A.wav,7_10710.wav,7,TreeFalling
438343_B.wav,7_10711.wav,7,TreeFalling
486262_A.wav,7_10712.wav,7,TreeFalling
486262_B.wav,7_10713.wav,7,TreeFalling
486262_C.wav,7_10714.wav,7,TreeFalling
494071_A.wav,7_10715.wav,7,TreeFalling
494071_B.wav,7_10716.wav,7,TreeFalling
515312_A.wav,7_10717.wav,7,TreeFalling
535352_A.wav,7_10718.wav,7,TreeFalling
535352_B.wav,7_10719.wav,7,TreeFalling
535352_C.wav,7_10720.wav,7,TreeFalling
583269_A.wav,7_10721.wav,7,TreeFalling
583269_B.wav,7_10722.wav,7,TreeFalling
583269_C.wav,7_10723.wav,7,TreeFalling
626734_A.wav,7_10724.wav,7,TreeFalling
626735_A.wav,7_10725.wav,7,TreeFalling
626735_B.wav,7_10726.wav,7,TreeFalling
626735_C.wav,7_10727.wav,7,TreeFalling
626736_A.wav,7_10728.wav,7,TreeFalling
626736_B.wav,7_10729.wav,7,TreeFalling
637910_A.wav,7_10730.wav,7,TreeFalling
637910_B.wav,7_10731.wav,7,TreeFalling
637910_C.wav,7_10732.wav,7,TreeFalling
139952__ecfike__a-tree-falling-down.wav,7_10733.wav,7,TreeFalling
192360__jamesrodavidson__sampler-tree-falling2.wav,7_10734.wav,7,TreeFalling
192361__jamesrodavidson__sampler-tree-falling.wav,7_10735.wav,7,TreeFalling
486263__craigsmith__r22-44-tree-falls-and-hits-ground.wav,7_10736.wav,7,TreeFalling
515313__matt-beer__timber-tree-falling-1.wav,7_10737.wav,7,TreeFalling
637911__kyles__tree-cut-crack-and-fall-in-forest2-stereo.wav,7_10738.wav,7,TreeFalling
111121__donjupitor__ste-000.wav,7_10739.wav,7,TreeFalling
593315__vitru20__4elements-earth-10-21.wav,7_10740.wav,7,TreeFalling
593315__vitru20__4elements-earth-10-21-3.wav,7_10741.wav,7,TreeFalling
593315__vitru20__4elements-earth-10-21-2.wav,7_10742.wav,7,TreeFalling
637912__kyles__tree-cut-crack-and-fall-in-forest3-movement-not-thud.wav,7_10743.wav,7,TreeFalling
645349__studio-cill__tree-crack.wav,7_10744.wav,7,TreeFalling
257650__speedygonzo__tree-stump-breaks-and-falls.wav,7_10745.wav,7,TreeFalling
593875__igroglaz__tree-fall.wav,7_10746.wav,7,TreeFalling
396509__kev-durr__log-falling-in-forest.wav,7_10747.wav,7,TreeFalling
530163__wyskoj__heavy-explosion-in-forest-debris-tree-falling-2.wav,7_10748.wav,7,TreeFalling
211539__tomble93__christmas-falling-over.wav,7_10749.wav,7,TreeFalling
111121__donjupitor__ste-000-2.wav,7_10750.wav,7,TreeFalling
530163__wyskoj__heavy-explosion-in-forest-debris-tree-falling.wav,7_10751.wav,7,TreeFalling
tree-felli_07054076.wav,7_10752.wav,7,TreeFalling
tree-felli_07054077.wav,7_10753.wav,7,TreeFalling
stroke-b_07002293.wav,7_10754.wav,7,TreeFalling
tree-felli_07054077-2.wav,7_10755.wav,7,TreeFalling
tree-felli_07058031.wav,7_10756.wav,7,TreeFalling
wooden-cra_07022332.wav,7_10757.wav,7,TreeFalling
tree-felli_07058029.wav,7_10758.wav,7,TreeFalling
tree-felli_nhu0500400.wav,7_10759.wav,7,TreeFalling
tree-felli_07058030.wav,7_10760.wav,7,TreeFalling
wooden-cra_07022334.wav,7_10761.wav,7,TreeFalling
stroke-b_07002293-2.wav,7_10762.wav,7,TreeFalling
tree-felli_07058129.wav,7_10763.wav,7,TreeFalling
tree-felli_07058129-2.wav,7_10764.wav,7,TreeFalling
50668__boilingsand__chainsaw-with-bobcat-idling-and-tree-bits-falling-080320.mp3,7_10765.wav,7,TreeFalling
558659__newlocknew__hurricane-in-the-pine-forest-25lrs-mltprcssng.wav,7_10766.wav,7,TreeFalling
550918__profispiesser__fxsasc-wood-tree-trunk-impact-ground-forest-5-variants.wav,7_10767.wav,7,TreeFalling
80845__ross-craig__zack-drops-a-tree.wav,7_10768.wav,7,TreeFalling
393826__inchadney__tree-coming-down.wav,7_10769.wav,7,TreeFalling
553193__t-man95__chainsaw-on-trees.wav,7_10770.wav,7,TreeFalling
583269__kevinsonger__tree-branch-crashing-in-the-forest.wav,7_10771.wav,7,TreeFalling
553268__t-man95__tree-felling-light-with-chainsaw.wav,7_10772.wav,7,TreeFalling
637698__kyles__motor-or-chainsaw-mean-sounding-nearby.wav,7_10773.wav,7,TreeFalling
felli_07058029.wav,7_10774.wav,7,TreeFalling
553193_A.wav,7_10775.wav,7,TreeFalling