 Source File Name,Dataset File Name,Class ID,Class Name
17548__A.wav,1_10101.wav,1,Fire
17548_B.wav,1_10102.wav,1,Fire
17548_C.wav,1_10103.wav,1,Fire
17548_D.wav,1_10104.wav,1,Fire
17548_E.wav,1_10105.wav,1,Fire
17548_F.wav,1_10106.wav,1,Fire
17548_G.wav,1_10107.wav,1,Fire
17548_H.wav,1_10108.wav,1,Fire
17717_A.wav,1_10109.wav,1,Fire
17717_B.wav,1_10110.wav,1,Fire
17717_C.wav,1_10111.wav,1,Fire
17717_D.wav,1_10112.wav,1,Fire
61311_A.wav,1_10113.wav,1,Fire
61311_B.wav,1_10114.wav,1,Fire
61311_C.wav,1_10115.wav,1,Fire
61311_D.wav,1_10116.wav,1,Fire
61311_E.wav,1_10117.wav,1,Fire
61311_F.wav,1_10118.wav,1,Fire
61311_G.wav,1_10119.wav,1,Fire
61311_H.wav,1_10120.wav,1,Fire
61311_I.wav,1_10121.wav,1,Fire
74963_A.wav,1_10122.wav,1,Fire
74963_B.wav,1_10123.wav,1,Fire
74963_C.wav,1_10124.wav,1,Fire
74963_D.wav,1_10125.wav,1,Fire
74963_E.wav,1_10126.wav,1,Fire
74963_F.wav,1_10127.wav,1,Fire
74963_G.wav,1_10128.wav,1,Fire
74963_H.wav,1_10129.wav,1,Fire
74963_I.wav,1_10130.wav,1,Fire
104956_A.wav,1_10131.wav,1,Fire
104956_B.wav,1_10132.wav,1,Fire
104956_C.wav,1_10133.wav,1,Fire
104956_D.wav,1_10134.wav,1,Fire
104956_E.wav,1_10135.wav,1,Fire
253770_A.wav,1_10136.wav,1,Fire
253770_B.wav,1_10137.wav,1,Fire
253770_C.wav,1_10138.wav,1,Fire
253770_D.wav,1_10139.wav,1,Fire
253770_E.wav,1_10140.wav,1,Fire
253770_F.wav,1_10141.wav,1,Fire
253770_G.wav,1_10142.wav,1,Fire
253770_H.wav,1_10143.wav,1,Fire
363092_A.wav,1_10144.wav,1,Fire
363092_B.wav,1_10145.wav,1,Fire
363092_C.wav,1_10146.wav,1,Fire
363092_D.wav,1_10147.wav,1,Fire
363092_E.wav,1_10148.wav,1,Fire
363092_F.wav,1_10149.wav,1,Fire
393436_A.wav,1_10150.wav,1,Fire
393436_B.wav,1_10151.wav,1,Fire
393436_C.wav,1_10152.wav,1,Fire
393436_D.wav,1_10153.wav,1,Fire
393436_E.wav,1_10154.wav,1,Fire
408531_A.wav,1_10155.wav,1,Fire
408531_B.wav,1_10156.wav,1,Fire
408531_C.wav,1_10157.wav,1,Fire
408531_D.wav,1_10158.wav,1,Fire
408531_E.wav,1_10159.wav,1,Fire
408531_F.wav,1_10160.wav,1,Fire
408531_G.wav,1_10161.wav,1,Fire
408531_H.wav,1_10162.wav,1,Fire
414767_A.wav,1_10163.wav,1,Fire
414767_B.wav,1_10164.wav,1,Fire
414767_C.wav,1_10165.wav,1,Fire
418274_A.wav,1_10166.wav,1,Fire
483311_A.wav,1_10167.wav,1,Fire
483311_B.wav,1_10168.wav,1,Fire
483311_C.wav,1_10169.wav,1,Fire
499032_A.wav,1_10170.wav,1,Fire
499032_B.wav,1_10171.wav,1,Fire
532191_A.wav,1_10172.wav,1,Fire
532191_B.wav,1_10173.wav,1,Fire
532191_C.wav,1_10174.wav,1,Fire
532191_D.wav,1_10175.wav,1,Fire
34065.wav,2_10201.wav,2,Rain
34066.wav,2_10202.wav,2,Rain
34067.wav,2_10203.wav,2,Rain
34068.wav,2_10204.wav,2,Rain
34069.wav,2_10205.wav,2,Rain
34070.wav,2_10206.wav,2,Rain
34071.wav,2_10207.wav,2,Rain
34072.wav,2_10208.wav,2,Rain
34073.wav,2_10209.wav,2,Rain
37618.wav,2_10210.wav,2,Rain
56306.wav,2_10211.wav,2,Rain
56308.wav,2_10212.wav,2,Rain
56309.wav,2_10213.wav,2,Rain
56310.wav,2_10214.wav,2,Rain
82366.wav,2_10215.wav,2,Rain
120695.wav,2_10216.wav,2,Rain
120698.wav,2_10217.wav,2,Rain
120699.wav,2_10218.wav,2,Rain
120701.wav,2_10219.wav,2,Rain
120808.wav,2_10220.wav,2,Rain
134909.wav,2_10221.wav,2,Rain
157487.wav,2_10222.wav,2,Rain
202898.wav,2_10223.wav,2,Rain
231686.wav,2_10224.wav,2,Rain
231687.wav,2_10225.wav,2,Rain
237729.wav,2_10226.wav,2,Rain
244053.wav,2_10227.wav,2,Rain
262005.wav,2_10228.wav,2,Rain
267105.wav,2_10229.wav,2,Rain
316894.wav,2_10230.wav,2,Rain
316895.wav,2_10231.wav,2,Rain
322963.wav,2_10232.wav,2,Rain
322964.wav,2_10233.wav,2,Rain
322965.wav,2_10234.wav,2,Rain
322966.wav,2_10235.wav,2,Rain
337791.wav,2_10236.wav,2,Rain
344460.wav,2_10237.wav,2,Rain
344461.wav,2_10238.wav,2,Rain
344462.wav,2_10239.wav,2,Rain
346641.wav,2_10240.wav,2,Rain
346642.wav,2_10241.wav,2,Rain
360328.wav,2_10242.wav,2,Rain
387062.wav,2_10243.wav,2,Rain
387064.wav,2_10244.wav,2,Rain
394936.wav,2_10245.wav,2,Rain
396482.wav,2_10246.wav,2,Rain
396483.wav,2_10247.wav,2,Rain
398738.wav,2_10248.wav,2,Rain
398739.wav,2_10249.wav,2,Rain
398740.wav,2_10250.wav,2,Rain
398741.wav,2_10251.wav,2,Rain
398742.wav,2_10252.wav,2,Rain
399281.wav,2_10253.wav,2,Rain
400402.wav,2_10254.wav,2,Rain
401276.wav,2_10255.wav,2,Rain
437037.wav,2_10256.wav,2,Rain
464280.wav,2_10257.wav,2,Rain
464283.wav,2_10258.wav,2,Rain
468024.wav,2_10259.wav,2,Rain
468025.wav,2_10260.wav,2,Rain
476202.wav,2_10261.wav,2,Rain
511348.wav,2_10262.wav,2,Rain
516248.wav,2_10263.wav,2,Rain
527498.wav,2_10264.wav,2,Rain
533522.wav,2_10265.wav,2,Rain
533760.wav,2_10266.wav,2,Rain
575460.wav,2_10267.wav,2,Rain
575462.wav,2_10268.wav,2,Rain
575464.wav,2_10269.wav,2,Rain
575465.wav,2_10270.wav,2,Rain
579840_1.wav,2_10271.wav,2,Rain
579840_2.wav,2_10272.wav,2,Rain
592344.wav,2_10273.wav,2,Rain
592345.wav,2_10274.wav,2,Rain
640651.wav,2_10275.wav,2,Rain
23779.wav,3_10301.wav,3,Thunderstorm
24003.wav,3_10302.wav,3,Thunderstorm
29675.wav,3_10303.wav,3,Thunderstorm
35969.wav,3_10304.wav,3,Thunderstorm
39877.wav,3_10305.wav,3,Thunderstorm
99081.wav,3_10306.wav,3,Thunderstorm
99082.wav,3_10307.wav,3,Thunderstorm
99083.wav,3_10308.wav,3,Thunderstorm
99084.wav,3_10309.wav,3,Thunderstorm
155147.wav,3_10310.wav,3,Thunderstorm
160154.wav,3_10311.wav,3,Thunderstorm
160155.wav,3_10312.wav,3,Thunderstorm
161503.wav,3_10313.wav,3,Thunderstorm
161503_1.wav,3_10314.wav,3,Thunderstorm
194842.wav,3_10315.wav,3,Thunderstorm
194872.wav,3_10316.wav,3,Thunderstorm
238794.wav,3_10317.wav,3,Thunderstorm
238801.wav,3_10318.wav,3,Thunderstorm
238803.wav,3_10319.wav,3,Thunderstorm
238804.wav,3_10320.wav,3,Thunderstorm
239489.wav,3_10321.wav,3,Thunderstorm
239490.wav,3_10322.wav,3,Thunderstorm
239493.wav,3_10323.wav,3,Thunderstorm
240368.wav,3_10324.wav,3,Thunderstorm
250107.wav,3_10325.wav,3,Thunderstorm
256093.wav,3_10326.wav,3,Thunderstorm
259650.wav,3_10327.wav,3,Thunderstorm
325156.wav,3_10328.wav,3,Thunderstorm
341945.wav,3_10329.wav,3,Thunderstorm
345032.wav,3_10330.wav,3,Thunderstorm
348076.wav,3_10331.wav,3,Thunderstorm
360328.wav,3_10332.wav,3,Thunderstorm
367004.wav,3_10333.wav,3,Thunderstorm
367510.wav,3_10334.wav,3,Thunderstorm
397952.wav,3_10335.wav,3,Thunderstorm
580879.wav,3_10336.wav,3,Thunderstorm
399870.wav,3_10337.wav,3,Thunderstorm
400076.wav,3_10338.wav,3,Thunderstorm
400076_1.wav,3_10339.wav,3,Thunderstorm
413833.wav,3_10340.wav,3,Thunderstorm
426447.wav,3_10341.wav,3,Thunderstorm
39877__csengeri__thunderrumble19august2007.wav,3_10342.wav,3,Thunderstorm
426859.wav,3_10343.wav,3,Thunderstorm
436794.wav,3_10344.wav,3,Thunderstorm
441837.wav,3_10345.wav,3,Thunderstorm
455087.wav,3_10346.wav,3,Thunderstorm
464259.wav,3_10347.wav,3,Thunderstorm
464260.wav,3_10348.wav,3,Thunderstorm
467324.wav,3_10349.wav,3,Thunderstorm
473866.wav,3_10350.wav,3,Thunderstorm
474995_1.wav,3_10351.wav,3,Thunderstorm
474995_2.wav,3_10352.wav,3,Thunderstorm
474996_1.wav,3_10353.wav,3,Thunderstorm
474996_2.wav,3_10354.wav,3,Thunderstorm
527664.wav,3_10355.wav,3,Thunderstorm
536093.wav,3_10356.wav,3,Thunderstorm
538615.wav,3_10357.wav,3,Thunderstorm
538615_1.wav,3_10358.wav,3,Thunderstorm
574652_1.wav,3_10359.wav,3,Thunderstorm
547652_2.wav,3_10360.wav,3,Thunderstorm
553800.wav,3_10361.wav,3,Thunderstorm
564987_1.wav,3_10362.wav,3,Thunderstorm
564987_2.wav,3_10363.wav,3,Thunderstorm
564992.wav,3_10364.wav,3,Thunderstorm
564994.wav,3_10365.wav,3,Thunderstorm
564999.wav,3_10366.wav,3,Thunderstorm
570351.wav,3_10367.wav,3,Thunderstorm
570601.wav,3_10368.wav,3,Thunderstorm
580446.wav,3_10369.wav,3,Thunderstorm
580451.wav,3_10370.wav,3,Thunderstorm
580452.wav,3_10371.wav,3,Thunderstorm
580879_1.wav,3_10372.wav,3,Thunderstorm
581125.wav,3_10373.wav,3,Thunderstorm
608170.wav,3_10374.wav,3,Thunderstorm
615844.wav,3_10375.wav,3,Thunderstorm
395488_3.wav,4_10401.wav,4,WaterDrops
348358_1.wav,4_10402.wav,4,WaterDrops
212112_3.wav,4_10403.wav,4,WaterDrops
500319_2.wav,4_10404.wav,4,WaterDrops
102954_1.wav,4_10405.wav,4,WaterDrops
582619_1.wav,4_10406.wav,4,WaterDrops
102954_2.wav,4_10407.wav,4,WaterDrops
102953_2.wav,4_10408.wav,4,WaterDrops
500319_1.wav,4_10409.wav,4,WaterDrops
348358_2.wav,4_10410.wav,4,WaterDrops
515915_1.wav,4_10411.wav,4,WaterDrops
395488_2.wav,4_10412.wav,4,WaterDrops
159172_4.wav,4_10413.wav,4,WaterDrops
212112_2.wav,4_10414.wav,4,WaterDrops
395488_5.wav,4_10415.wav,4,WaterDrops
395488_4.wav,4_10416.wav,4,WaterDrops
500319_3.wav,4_10417.wav,4,WaterDrops
159172_2.wav,4_10418.wav,4,WaterDrops
396863_2.wav,4_10419.wav,4,WaterDrops
102953_1.wav,4_10420.wav,4,WaterDrops
395488_1.wav,4_10421.wav,4,WaterDrops
396863_1.wav,4_10422.wav,4,WaterDrops
500319_4.wav,4_10423.wav,4,WaterDrops
159172_1.wav,4_10424.wav,4,WaterDrops
212112_1.wav,4_10425.wav,4,WaterDrops
105954_3.wav,4_10426.wav,4,WaterDrops
396863_3.wav,4_10427.wav,4,WaterDrops
396862_1.wav,4_10428.wav,4,WaterDrops
500319_5.wav,4_10429.wav,4,WaterDrops
159172_3.wav,4_10430.wav,4,WaterDrops
35625__1.wav,4_10431.wav,4,WaterDrops
280230_5.wav,4_10432.wav,4,WaterDrops
396861_5.wav,4_10433.wav,4,WaterDrops
396861_2.wav,4_10434.wav,4,WaterDrops
11597_2.wav,4_10435.wav,4,WaterDrops
11597_1.wav,4_10436.wav,4,WaterDrops
396861_3.wav,4_10437.wav,4,WaterDrops
187656_5.wav,4_10438.wav,4,WaterDrops
187656_4.wav,4_10439.wav,4,WaterDrops
396861_1.wav,4_10440.wav,4,WaterDrops
132151_2.wav,4_10441.wav,4,WaterDrops
269343_3.wav,4_10442.wav,4,WaterDrops
221590_2.wav,4_10443.wav,4,WaterDrops
280230_4.wav,4_10444.wav,4,WaterDrops
187657_1.wav,4_10445.wav,4,WaterDrops
280230_3.wav,4_10446.wav,4,WaterDrops
197965_1.wav,4_10447.wav,4,WaterDrops
187657_3.wav,4_10448.wav,4,WaterDrops
132151_1.wav,4_10449.wav,4,WaterDrops
377877_1.wav,4_10450.wav,4,WaterDrops
402599_1.wav,4_10451.wav,4,WaterDrops
269343_1.wav,4_10452.wav,4,WaterDrops
187656_3.wav,4_10453.wav,4,WaterDrops
280230_6.wav,4_10454.wav,4,WaterDrops
280230_1.wav,4_10455.wav,4,WaterDrops
132151_3.wav,4_10456.wav,4,WaterDrops
187656_6.wav,4_10457.wav,4,WaterDrops
280230_8.wav,4_10458.wav,4,WaterDrops
221590_1.wav,4_10459.wav,4,WaterDrops
187656_1.wav,4_10460.wav,4,WaterDrops
396861_4.wav,4_10461.wav,4,WaterDrops
269343_2.wav,4_10462.wav,4,WaterDrops
280230_2.wav,4_10463.wav,4,WaterDrops
187656_2.wav,4_10464.wav,4,WaterDrops
280230_7.wav,4_10465.wav,4,WaterDrops
187657_2.wav,4_10466.wav,4,WaterDrops
402599_2.wav,4_10467.wav,4,WaterDrops
462484_1.wav,4_10468.wav,4,WaterDrops
496085_4.wav,4_10469.wav,4,WaterDrops
402599_4.wav,4_10470.wav,4,WaterDrops
67321_4.wav,4_10471.wav,4,WaterDrops
67321_3.wav,4_10472.wav,4,WaterDrops
67321_2.wav,4_10473.wav,4,WaterDrops
534969_2.wav,4_10474.wav,4,WaterDrops
496085_3.wav,4_10475.wav,4,WaterDrops
104952_3.wav,5_10501.wav,5,Wind
16995_3.wav,5_10502.wav,5,Wind
16995_1.wav,5_10503.wav,5,Wind
104952_2.wav,5_10504.wav,5,Wind
106134_2.wav,5_10505.wav,5,Wind
16994_2.wav,5_10506.wav,5,Wind
22384_2.wav,5_10507.wav,5,Wind
110919_1.wav,5_10508.wav,5,Wind
22383_1.wav,5_10509.wav,5,Wind
17383_2.wav,5_10510.wav,5,Wind
110919_3.wav,5_10511.wav,5,Wind
22384_3.wav,5_10512.wav,5,Wind
104952_4.wav,5_10513.wav,5,Wind
16994_3.wav,5_10514.wav,5,Wind
16995_2.wav,5_10515.wav,5,Wind
17383_1.wav,5_10516.wav,5,Wind
106134_3.wav,5_10517.wav,5,Wind
16994_1.wav,5_10518.wav,5,Wind
110919_2.wav,5_10519.wav,5,Wind
104952_1.wav,5_10520.wav,5,Wind
15542__1.wav,5_10521.wav,5,Wind
110919_4.wav,5_10522.wav,5,Wind
22384_1.wav,5_10523.wav,5,Wind
106134_1.wav,5_10524.wav,5,Wind
73708_2.wav,5_10525.wav,5,Wind
34409_1.wav,5_10526.wav,5,Wind
26366_1.wav,5_10527.wav,5,Wind
73712_1.wav,5_10528.wav,5,Wind
73712_3.wav,5_10529.wav,5,Wind
45479_1.wav,5_10530.wav,5,Wind
81725_2.wav,5_10531.wav,5,Wind
73719_2.wav,5_10532.wav,5,Wind
33196_1.wav,5_10533.wav,5,Wind
58556_2.wav,5_10534.wav,5,Wind
73710_3.wav,5_10535.wav,5,Wind
33195_1.wav,5_10536.wav,5,Wind
84735_2.wav,5_10537.wav,5,Wind
73712_2.wav,5_10538.wav,5,Wind
73710_4.wav,5_10539.wav,5,Wind
26366_3.wav,5_10540.wav,5,Wind
45479_2.wav,5_10541.wav,5,Wind
58556_1.wav,5_10542.wav,5,Wind
81727_1.wav,5_10543.wav,5,Wind
73719_3.wav,5_10544.wav,5,Wind
73710_1.wav,5_10545.wav,5,Wind
73710_2.wav,5_10546.wav,5,Wind
34407_1.wav,5_10547.wav,5,Wind
81725_1.wav,5_10548.wav,5,Wind
33196_2.wav,5_10549.wav,5,Wind
73719_1.wav,5_10550.wav,5,Wind
81756_2.wav,5_10551.wav,5,Wind
33195_2.wav,5_10552.wav,5,Wind
58556_3.wav,5_10553.wav,5,Wind
34409_2.wav,5_10554.wav,5,Wind
84735_1.wav,5_10555.wav,5,Wind
26366_2.wav,5_10556.wav,5,Wind
81728_1.wav,5_10557.wav,5,Wind
34409_3.wav,5_10558.wav,5,Wind
73708_1.wav,5_10559.wav,5,Wind
81756_1.wav,5_10560.wav,5,Wind
33195_3.wav,5_10561.wav,5,Wind
73708_3.wav,5_10562.wav,5,Wind
34408_1.wav,5_10563.wav,5,Wind
81756_3.wav,5_10564.wav,5,Wind
73708_4.wav,5_10565.wav,5,Wind
97178_1.wav,5_10566.wav,5,Wind
98563_3.wav,5_10567.wav,5,Wind
97178_2.wav,5_10568.wav,5,Wind
95403_2.wav,5_10569.wav,5,Wind
84735_3.wav,5_10570.wav,5,Wind
97178_3.wav,5_10571.wav,5,Wind
84735_4.wav,5_10572.wav,5,Wind
84735_5.wav,5_10573.wav,5,Wind
95403_1.wav,5_10574.wav,5,Wind
98563_1.wav,5_10575.wav,5,Wind
renam (1).wav,6_10601.wav,6,Silence
rename2.wav,6_10602.wav,6,Silence
193045__(1)_frithjof__stille-mit-vogel (1).wav,6_10603.wav,6,Silence
67881__(1)_figowitz__ice-crackingwav (1).wav,6_10604.wav,6,Silence
67881__(2)_figowitz__ice-crackingwav.wav,6_10605.wav,6,Silence
67881__(3)_figowitz__ice-crackingwav.wav,6_10606.wav,6,Silence
67881__(4)_figowitz__ice-crackingwav.wav,6_10607.wav,6,Silence
379210__(1)_13f-panska-petruzelova-anna__silence-in-the-forest (1).wav,6_10608.wav,6,Silence
379210__(2)_13f-panska-petruzelova-anna__silence-in-the-forest.wav,6_10609.wav,6,Silence
379210__(3)_13f-panska-petruzelova-anna__silence-in-the-forest.wav,6_10610.wav,6,Silence
379210__(4)_13f-panska-petruzelova-anna__silence-in-the-forest .wav,6_10611.wav,6,Silence
379210__(5)_13f-panska-petruzelova-anna__silence-in-the-forest .wav,6_10612.wav,6,Silence
379247__13f-panska-petruzelova-anna__deep-silent-in-the-forest(1) (1).wav,6_10613.wav,6,Silence
379247__13f-panska-petruzelova-anna__deep-silent-in-the-forest(2).wav,6_10614.wav,6,Silence
379247__13f-panska-petruzelova-anna__deep-silent-in-the-forest(4).wav,6_10615.wav,6,Silence
379247__13f-panska-petruzelova-anna__deep-silent-in-the-forest(5).wav,6_10616.wav,6,Silence
379247__13f-panska-petruzelova-anna__deep-silent-in-the-forest(6).wav,6_10617.wav,6,Silence
178136__(1)_klankbeeld__pineforest-0-2-bft-winter130213-00 (1).wav,6_10618.wav,6,Silence
178136__(2)_klankbeeld__pineforest-0-2-bft-winter130213-00 (1).wav,6_10619.wav,6,Silence
178136__(3)_klankbeeld__pineforest-0-2-bft-winter130213-00.wav,6_10620.wav,6,Silence
178136__(4)_klankbeeld__pineforest-0-2-bft-winter130213-00.wav,6_10621.wav,6,Silence
178136__(5)_klankbeeld__pineforest-0-2-bft-winter130213-00.wav,6_10622.wav,6,Silence
178136__(6)_klankbeeld__pineforest-0-2-bft-winter130213-00.wav,6_10623.wav,6,Silence
178136__(7)_klankbeeld__pineforest-0-2-bft-winter130213-00 (1).wav,6_10624.wav,6,Silence
178136__(8)_klankbeeld__pineforest-0-2-bft-winter130213-00 (1).wav,6_10625.wav,6,Silence
178136__(9)_klankbeeld__pineforest-0-2-bft-winter130213-00.wav,6_10626.wav,6,Silence
178136__(10)_klankbeeld__pineforest-0-2-bft-winter130213-00 .wav,6_10627.wav,6,Silence
179588__(1)_stormpetrel__westland-petrels-land-in-their-colony-at-dawn (1).wav,6_10628.wav,6,Silence
79588__(2)_stormpetrel__westland-petrels-land-in-their-colony-at-dawn (1).wav,6_10629.wav,6,Silence
179588__(3)_stormpetrel__westland-petrels-land-in-their-colony-at-dawn.wav,6_10630.wav,6,Silence
179588__(4)_stormpetrel__westland-petrels-land-in-their-colony-at-daw.wav,6_10631.wav,6,Silence
179588__(5)_stormpetrel__westland-petrels-land-in-their-colony-at-dawn (1).wav,6_10632.wav,6,Silence
179588__(6)_stormpetrel__westland-petrels-land-in-their-colony-at-dawn (1).wav,6_10633.wav,6,Silence
179588__(7)_stormpetrel__westland-petrels-land-in-their-colony-at-dawn.wav,6_10634.wav,6,Silence
179588__(8)_stormpetrel__westland-petrels-land-in-their-colony-at-dawn.wav,6_10635.wav,6,Silence
179588__(9)_stormpetrel__westland-petrels-land-in-their-colony-at-dawn.wav,6_10636.wav,6,Silence
179588__(10)_stormpetrel__westland-petrels-land-in-their-colony-at-dawn.wav,6_10637.wav,6,Silence
184219__(1)_thorvandahl__forest-closer-to-silence .wav,6_10638.wav,6,Silence
184219__(2)_thorvandahl__forest-closer-to-silence.wav,6_10639.wav,6,Silence
184219__(3)_thorvandahl__forest-closer-to-silence (1).wav,6_10640.wav,6,Silence
184219__(4)_thorvandahl__forest-closer-to-silence (1).wav,6_10641.wav,6,Silence
184219__(5)_thorvandahl__forest-closer-to-silence.wav,6_10642.wav,6,Silence
184219__(6)_thorvandahl__forest-closer-to-silence (1).wav,6_10643.wav,6,Silence
184219__(7)_thorvandahl__forest-closer-to-silence.wav,6_10644.wav,6,Silence
184219__(8)_thorvandahl__forest-closer-to-silence (1).wav,6_10645.wav,6,Silence
184219__(9)_thorvandahl__forest-closer-to-silence.wav,6_10646.wav,6,Silence
184219__(10)_thorvandahl__forest-closer-to-silence.wav,6_10647.wav,6,Silence
336473__(1)_klankbeeld__woodpeckers-looking-for-food-130215-00.wav,6_10648.wav,6,Silence
336473__(2)_klankbeeld__woodpeckers-looking-for-food-130215-00 (1).wav,6_10649.wav,6,Silence
336473__(3)_klankbeeld__woodpeckers-looking-for-food-130215-00 (1).wav,6_10650.wav,6,Silence
336473__(4)_klankbeeld__woodpeckers-looking-for-food-130215-00 (1).wav,6_10651.wav,6,Silence
336473__(5)_klankbeeld__woodpeckers-looking-for-food-130215-00.wav,6_10652.wav,6,Silence
336473__(6)_klankbeeld__woodpeckers-looking-for-food-130215-00 (1).wav,6_10653.wav,6,Silence
336473__(7)_klankbeeld__woodpeckers-looking-for-food-130215-00.wav,6_10654.wav,6,Silence
336473__(8)_klankbeeld__woodpeckers-looking-for-food-130215-00.wav,6_10655.wav,6,Silence
336473__(9)_klankbeeld__woodpeckers-looking-for-food-130215-00.wav,6_10656.wav,6,Silence
336473__(10)_klankbeeld__woodpeckers-looking-for-food-130215-00.wav,6_10657.wav,6,Silence
492171__(1)_jgrzinich__winds-and-light-snow-in-a-forest (1).wav,6_10658.wav,6,Silence
492171__(2)_jgrzinich__winds-and-light-snow-in-a-forest (1).wav,6_10659.wav,6,Silence
492171__(3)_jgrzinich__winds-and-light-snow-in-a-forest.wav,6_10660.wav,6,Silence
492171__(4)_jgrzinich__winds-and-light-snow-in-a-forest (1).wav,6_10661.wav,6,Silence
492171__(5)_jgrzinich__winds-and-light-snow-in-a-forest .wav,6_10662.wav,6,Silence
492171__(6)_jgrzinich__winds-and-light-snow-in-a-forest (1).wav,6_10663.wav,6,Silence
492171__(7)_jgrzinich__winds-and-light-snow-in-a-forest.wav,6_10664.wav,6,Silence
492171__(8)_jgrzinich__winds-and-light-snow-in-a-forest.wav,6_10665.wav,6,Silence
348510__(1)_marlo1981__country-side-night-ambience (1).wav,6_10666.wav,6,Silence
348510__(2)_marlo1981__country-side-night-ambience.wav,6_10667.wav,6,Silence
348510__(3)_marlo1981__country-side-night-ambience (1).wav,6_10668.wav,6,Silence
348510__(4)_marlo1981__country-side-night-ambience (1).wav,6_10669.wav,6,Silence
348510__(5)_marlo1981__country-side-night-ambience.wav,6_10670.wav,6,Silence
348510__(6)_marlo1981__country-side-night-ambience.wav,6_10671.wav,6,Silence
348510__(7)_marlo1981__country-side-night-ambience (1).wav,6_10672.wav,6,Silence
348510__(8)_marlo1981__country-side-night-ambience (1).wav,6_10673.wav,6,Silence
492171_(9)_jgrzinich__winds-and-light-snow-in-a-forest.wav,6_10674.wav,6,Silence
492171_(10)_jgrzinich__winds-and-light-snow-in-a-forest.wav,6_10675.wav,6,Silence
23709_A.wav,7_10701.wav,7,TreeFalling
23709_B.wav,7_10702.wav,7,TreeFalling
150203_A.wav,7_10703.wav,7,TreeFalling
150203_B.wav,7_10704.wav,7,TreeFalling
150203_C.wav,7_10705.wav,7,TreeFalling
165551_A.wav,7_10706.wav,7,TreeFalling
165551_B.wav,7_10707.wav,7,TreeFalling
414093_A.wav,7_10708.wav,7,TreeFalling
414093_B.wav,7_10709.wav,7,TreeFalling
438343_A.wav,7_10710.wav,7,TreeFalling
438343_B.wav,7_10711.wav,7,TreeFalling
486262_A.wav,7_10712.wav,7,TreeFalling
486262_B.wav,7_10713.wav,7,TreeFalling
486262_C.wav,7_10714.wav,7,TreeFalling
494071_A.wav,7_10715.wav,7,TreeFalling
494071_B.wav,7_10716.wav,7,TreeFalling
515312_A.wav,7_10717.wav,7,TreeFalling
535352_A.wav,7_10718.wav,7,TreeFalling
535352_B.wav,7_10719.wav,7,TreeFalling
535352_C.wav,7_10720.wav,7,TreeFalling
583269_A.wav,7_10721.wav,7,TreeFalling
583269_B.wav,7_10722.wav,7,TreeFalling
583269_C.wav,7_10723.wav,7,TreeFalling
626734_A.wav,7_10724.wav,7,TreeFalling
626735_A.wav,7_10725.wav,7,TreeFalling
626735_B.wav,7_10726.wav,7,TreeFalling
626735_C.wav,7_10727.wav,7,TreeFalling
626736_A.wav,7_10728.wav,7,TreeFalling
626736_B.wav,7_10729.wav,7,TreeFalling
637910_A.wav,7_10730.wav,7,TreeFalling
637910_B.wav,7_10731.wav,7,TreeFalling
637910_C.wav,7_10732.wav,7,TreeFalling
139952__ecfike__a-tree-falling-down.wav,7_10733.wav,7,TreeFalling
192360__jamesrodavidson__sampler-tree-falling2.wav,7_10734.wav,7,TreeFalling
192361__jamesrodavidson__sampler-tree-falling.wav,7_10735.wav,7,TreeFalling
486263__craigsmith__r22-44-tree-falls-and-hits-ground.wav,7_10736.wav,7,TreeFalling
515313__matt-beer__timber-tree-falling-1.wav,7_10737.wav,7,TreeFalling
637911__kyles__tree-cut-crack-and-fall-in-forest2-stereo.wav,7_10738.wav,7,TreeFalling
111121__donjupitor__ste-000.wav,7_10739.wav,7,TreeFalling
593315__vitru20__4elements-earth-10-21.wav,7_10740.wav,7,TreeFalling
593315__vitru20__4elements-earth-10-21-3.wav,7_10741.wav,7,TreeFalling
593315__vitru20__4elements-earth-10-21-2.wav,7_10742.wav,7,TreeFalling
637912__kyles__tree-cut-crack-and-fall-in-forest3-movement-not-thud.wav,7_10743.wav,7,TreeFalling
645349__studio-cill__tree-crack.wav,7_10744.wav,7,TreeFalling
257650__speedygonzo__tree-stump-breaks-and-falls.wav,7_10745.wav,7,TreeFalling
593875__igroglaz__tree-fall.wav,7_10746.wav,7,TreeFalling
396509__kev-durr__log-falling-in-forest.wav,7_10747.wav,7,TreeFalling
530163__wyskoj__heavy-explosion-in-forest-debris-tree-falling-2.wav,7_10748.wav,7,TreeFalling
211539__tomble93__christmas-falling-over.wav,7_10749.wav,7,TreeFalling
111121__donjupitor__ste-000-2.wav,7_10750.wav,7,TreeFalling
530163__wyskoj__heavy-explosion-in-forest-debris-tree-falling.wav,7_10751.wav,7,TreeFalling
tree-felli_07054076.wav,7_10752.wav,7,TreeFalling
tree-felli_07054077.wav,7_10753.wav,7,TreeFalling
stroke-b_07002293.wav,7_10754.wav,7,TreeFalling
tree-felli_07054077-2.wav,7_10755.wav,7,TreeFalling
tree-felli_07058031.wav,7_10756.wav,7,TreeFalling
wooden-cra_07022332.wav,7_10757.wav,7,TreeFalling
tree-felli_07058029.wav,7_10758.wav,7,TreeFalling
tree-felli_nhu0500400.wav,7_10759.wav,7,TreeFalling
tree-felli_07058030.wav,7_10760.wav,7,TreeFalling
wooden-cra_07022334.wav,7_10761.wav,7,TreeFalling
stroke-b_07002293-2.wav,7_10762.wav,7,TreeFalling
tree-felli_07058129.wav,7_10763.wav,7,TreeFalling
tree-felli_07058129-2.wav,7_10764.wav,7,TreeFalling
50668__boilingsand__chainsaw-with-bobcat-idling-and-tree-bits-falling-080320.mp3,7_10765.wav,7,TreeFalling
558659__newlocknew__hurricane-in-the-pine-forest-25lrs-mltprcssng.wav,7_10766.wav,7,TreeFalling
550918__profispiesser__fxsasc-wood-tree-trunk-impact-ground-forest-5-variants.wav,7_10767.wav,7,TreeFalling
80845__ross-craig__zack-drops-a-tree.wav,7_10768.wav,7,TreeFalling
393826__inchadney__tree-coming-down.wav,7_10769.wav,7,TreeFalling
553193__t-man95__chainsaw-on-trees.wav,7_10770.wav,7,TreeFalling
583269__kevinsonger__tree-branch-crashing-in-the-forest.wav,7_10771.wav,7,TreeFalling
553268__t-man95__tree-felling-light-with-chainsaw.wav,7_10772.wav,7,TreeFalling
637698__kyles__motor-or-chainsaw-mean-sounding-nearby.wav,7_10773.wav,7,TreeFalling
felli_07058029.wav,7_10774.wav,7,TreeFalling
553193_A.wav,7_10775.wav,7,TreeFalling
56592__syna-max__fireworks-4th-of-july-2008-fail.wav,14_11401.wav,14,Firework
197316__hendmik__fireworks.wav,14_11402.wav,14,Firework
216604__klankbeeld__loud-explosion-01-131231-05.wav,14_11403.wav,14,Firework
334040__rudmer-rotteveel__multiple-explosions-fireworks-noisy.wav,14_11404.wav,14,Firework
344686__klankbeeld__mortar-grenade-shell-002.wav,14_11405.wav,14,Firework
353171__ivolipa__distant-fireworks-2.wav,14_11406.wav,14,Firework
434401__volterock__volterock-fireworks-atmosphere-03.wav,14_11407.wav,14,Firework
434402__volterock__volterock-fireworks-atmosphere-02.wav,14_11408.wav,14,Firework
434403__volterock__volterock-fireworks-atmosphere-01.wav,14_11409.wav,14,Firework
434411__volterock__volterock-fireworks-zoom-01.wav,14_11410.wav,14,Firework
455459__milankovanda__fireworks-in-background.wav,14_11411.wav,14,Firework
484733__astounded__fireworks.wav,14_11412.wav,14,Firework
552164__ivolipa__fireworks-distant.wav,14_11413.wav,14,Firework
579301__xaviously__fireworks-2.wav,14_11414.wav,14,Firework
587188__derplayer__firework-background-01.wav,14_11415.wav,14,Firework
613689__cupido-1__fireworks-2021.wav,14_11416.wav,14,Firework
616281__dan-audiofile__fireworks-display-lots-close-popping-no-echo-stereo.wav,14_11417.wav,14,Firework
613547__pinchcliffegp__fireworks.wav,14_11418.wav,14,Firework
640702__stevemoser__fireworks-burst.wav,14_11419.wav,14,Firework
213079__crosbychris__barrage-firework-with-finale-of-powerful-shells-5th-nov-2013.wav,14_11420.wav,14,Firework
456313__cupido-1__firework-distant-in-teh-town.wav,14_11421.wav,14,Firework
89156__fiatknox__2009-11-05-fireworks-005.wav,14_11422.wav,14,Firework
89153__fiatknox__2009-11-05-fireworks-002.wav,14_11423.wav,14,Firework
89154__fiatknox__2009-11-05-fireworks-003.wav,14_11424.wav,14,Firework
89151__fiatknox__2009-11-05-fireworks-000.wav,14_11425.wav,14,Firework
552163__ivolipa__fireworks-loud.wav,14_11426.wav,14,Firework
117617__soundmary__fireworks.wav,14_11427.wav,14,Firework
260665__lezaarth__firework2.wav,14_11428.wav,14,Firework
192656__andy-gardner__fireworks4.wav,14_11429.wav,14,Firework
192657__andy-gardner__fireworks3.wav,14_11430.wav,14,Firework
192659__andy-gardner__fireworks1.wav,14_11431.wav,14,Firework
117616__soundmary__fireworks-exploding-1.wav,14_11432.wav,14,Firework
624414__milankovanda__firework-single-shot-2.wav,14_11433.wav,14,Firework
251615__bmlake__fireworks-3.wav,14_11434.wav,14,Firework
251617__bmlake__fireworks-1.wav,14_11435.wav,14,Firework
362811__trouby__fireworks.wav,14_11436.wav,14,Firework
212677__mrauralization__fireworks.wav,14_11437.wav,14,Firework
455461__milankovanda__fireworks-in-foreground.wav,14_11438.wav,14,Firework
455460__milankovanda__fireworks-in-foreground.wav,14_11439.wav,14,Firework
75153__electrovoice664__fw3.wav,14_11440.wav,14,Firework
75151__electrovoice664__fw1.wav,14_11441.wav,14,Firework
367486__andy-gardner__firework-1.wav,14_11442.wav,14,Firework
367485__andy-gardner__fireworks-2.wav,14_11443.wav,14,Firework
410352__inspectorj__fireworks-close-e-h4n.wav,14_11444.wav,14,Firework
410350__inspectorj__fireworks-close-c-h4n.wav,14_11445.wav,14,Firework
552405__pethr__fireworks-cannonade.wav,14_11446.wav,14,Firework
456314__cupido-1__fireworks-close.wav,14_11447.wav,14,Firework
587197__derplayer__explosion-long-01.wav,14_11448.wav,14,Firework
414492__fullmetaljedi__new-year-fireworks2.wav,14_11449.wav,14,Firework
414491__fullmetaljedi__new-year-fireworks1.wav,14_11450.wav,14,Firework
62542__sparrer__bigfirework1.wav,14_11451.wav,14,Firework
613672__unfa__outdoor-clean-explosions-fireworks-on-new-year-s-eve-2021.wav,14_11452.wav,14,Firework
21416__heigh-hoo__riverside.wav,14_11453.wav,14,Firework
109741__soundcollectah__hit-loud.wav,14_11454.wav,14,Firework
109753__soundcollectah__tre-hit-long.wav,14_11455.wav,14,Firework
109738__soundcollectah__hilow-multi-hits.wav,14_11456.wav,14,Firework
109752__soundcollectah__tre-hit-01.wav,14_11457.wav,14,Firework
109736__soundcollectah__double-hit.wav,14_11458.wav,14,Firework
453117__kyles__fireworks-medium-slapback-echo-reflection5-montreal-canada.wav,14_11459.wav,14,Firework
453123__kyles__fireworks-medium-pops2-montreal-canada.wav,14_11460.wav,14,Firework
119649__suso-ramallo__fireworks-4-16.wav,14_11461.wav,14,Firework
119648__suso-ramallo__fireworks-3-16.wav,14_11462.wav,14,Firework
115545__matucha__fireworks-2009-close.wav,14_11463.wav,14,Firework
244769__syntaxseed__fireworks-crowd.wav,14_11464.wav,14,Firework
25776__ermine__multistage-rockets-whistling-fireworks-mkh3040-061105.wav,14_11465.wav,14,Firework
25774__ermine__fusillade-fireworks-mkh3040-061105.wav,14_11466.wav,14,Firework
569846__danlucaz__fireworks-1.wav,14_11467.wav,14,Firework
62620__soundplusdesign__fireworks.wav,14_11468.wav,14,Firework
62548__sparrer__fireworks5.wav,14_11469.wav,14,Firework
165801__suso-ramallo__fireworks-bin.wav,14_11470.wav,14,Firework
62545__sparrer__fireworks2.wav,14_11471.wav,14,Firework
117615__soundmary__fireworks-explode-and-fizz.wav,14_11472.wav,14,Firework
453109__kyles__fireworks-big2-montreal-canada.wav,14_11473.wav,14,Firework
453131__kyles__fireworks-small-pops-montreal-canada.wav,14_11474.wav,14,Firework
62547__sparrer__fireworks4.wav,14_11475.wav,14,Firework
174293__ingudios__rec-3-h4nnear-str.wav,15_11501.wav,15,Gunshot
368806__blacklightkabuki__5-gunshots-with-report.wav,15_11502.wav,15,Gunshot
174294__ingudios__rec-3-at897-str.wav,15_11503.wav,15,Gunshot
174286__ingudios__rec-3-sub-mon.wav,15_11504.wav,15,Gunshot
174290__ingudios__rec-1-at897-str.wav,15_11505.wav,15,Gunshot
174289__ingudios__rec-1-h4nfar-str.wav,15_11506.wav,15,Gunshot
249779__tehlordoswag420__smgshoot2.wav,15_11507.wav,15,Gunshot
174283__ingudios__rec-3-h4nnear-str.wav,15_11508.wav,15,Gunshot
40623__acclivity__pigeonshooting.wav,15_11509.wav,15,Gunshot
332935__ylearkisto__tykki-laukaus-big-gun-cannon-76-mm-single-shots-gunshots.wav,15_11510.wav,15,Gunshot
320136__ylearkisto__pistooli-laukaus-sisalla-pistol-shot-echoing-gunshot-interior.wav,15_11511.wav,15,Gunshot
320129__ylearkisto__pistooli-laukauksia-sisalla-pistol-shot-a-few-gunshots-interior.wav,15_11512.wav,15,Gunshot
460851__mpierluissi__gunrif-m1-garand-gunshot-mp.wav,15_11513.wav,15,Gunshot
249778__tehlordoswag420__handgun.wav,15_11514.wav,15,Gunshot
174287__ingudios__rec-1-me66-str.wav,15_11515.wav,15,Gunshot
332934__ylearkisto__tykki-laukaus-ja-kaiku-big-gun-cannon-155-mm-shot-gunshot-2-x-a-long-hefty-echo.wav,15_11516.wav,15,Gunshot
174292__ingudios__rec-3-me66-str.wav,15_11517.wav,15,Gunshot
320130__ylearkisto__ase-laukauksia-ulkona-guns-single-various-gunshots-shots-with-hits-echo-ricochets-exterior.wav,15_11518.wav,15,Gunshot
320135__ylearkisto__pistooli-laukaus-sisalla-pistol-mauser-7.wav,15_11519.wav,15,Gunshot
341221__ylearkisto__kivaari-sotilaskivaari-rifle-army-cocking-and-shooting-solid-single-shots-gunshots-loading-and-cocking-between-shots-edited-exterior.wav,15_11520.wav,15,Gunshot
484196__rsn267__scary-thunder-and-lightning.wav,15_11521.wav,15,Gunshot
522300__filmmakersmanual__gun-firing-from-a-distance-1.wav,15_11522.wav,15,Gunshot
46654__cognito-perceptu__carbine-debris.wav,15_11523.wav,15,Gunshot
377789__johanwestling__gun-9mm-15m-in-front-m10.wav,15_11524.wav,15,Gunshot
578192__jjcunning__gunfire-identify-weapon-ak47-shotgun-pistol-long-gun-3.wav,15_11525.wav,15,Gunshot
632112__fran-freesound__fran-freesound-gunshots-distance.wav,15_11526.wav,15,Gunshot
576966__trp__theatre-gunshot-studio-theatre-kot-2.wav,15_11527.wav,15,Gunshot
366776__danielrousseau__airriflegunshot.wav,15_11528.wav,15,Gunshot
407558__cyrilenerossouw__balloon-pop.wav,15_11529.wav,15,Gunshot
315858__bevibeldesign__gunshot-ricochet.wav,15_11530.wav,15,Gunshot
548008__eminyildirim__rifle-gunshot-tail.wav,15_11531.wav,15,Gunshot
26141__wim__gunshots.wav,15_11532.wav,15,Gunshot
50618__fastson__remingtongunshot.wav,15_11533.wav,15,Gunshot
548628__mark646__gunshot.wav,15_11534.wav,15,Gunshot
58241__sinatra314__1010-gunshots2.wav,15_11535.wav,15,Gunshot
257876__eco77__lhs-gunshots.wav,15_11536.wav,15,Gunshot
30185__herbertboland__gunshotssynthesized.wav,15_11537.wav,15,Gunshot
93838__cgeffex__gunshot.wav,15_11538.wav,15,Gunshot
543234__myfreesoundaccount1998__gunshot.wav,15_11539.wav,15,Gunshot
235678__jsburgh__gunshot.wav,15_11540.wav,15,Gunshot
443068__univ-lyon3__pinck-audran-2018-2019-gunshots.wav,15_11541.wav,15,Gunshot
432606__nicstage__distant-gunshot.wav,15_11542.wav,15,Gunshot
594481__21100206tm__gunshots.wav,15_11543.wav,15,Gunshot
578191__jjcunning__gunfire-help-identify-weapon-ak47-shotgun-pistol-long-gun-1.wav,15_11544.wav,15,Gunshot
578190__jjcunning__gunfire-identify-weapon-ak47-shotgun-pistol-long-gun-2.wav,15_11545.wav,15,Gunshot
370332__morganpurkis__single-gunshot-2-v2.wav,15_11546.wav,15,Gunshot
386003__pwise__gunshot-layered.wav,15_11547.wav,15,Gunshot
65752__robinhood76__00762-gunshot-2.wav,15_11548.wav,15,Gunshot
118450__omar-alvarado__gunshot.wav,15_11549.wav,15,Gunshot
399065__fastson__tikka-m65-2.wav,15_11550.wav,15,Gunshot
399066__fastson__tikka-m65-1.wav,15_11551.wav,15,Gunshot
417345__inspectorj__gunshot-distant-a.wav,15_11552.wav,15,Gunshot
507487__elanhickler__argi-gunshot-scifi-06.wav,15_11553.wav,15,Gunshot
507483__elanhickler__argi-gunshot-scifi-02.wav,15_11554.wav,15,Gunshot
507481__elanhickler__argi-gunshot-scifi-04.wav,15_11555.wav,15,Gunshot
507484__elanhickler__argi-gunshot-scifi-01.wav,15_11556.wav,15,Gunshot
507488__elanhickler__argi-gunshot-scifi-05.wav,15_11557.wav,15,Gunshot
507486__elanhickler__argi-gunshot-scifi-07.wav,15_11558.wav,15,Gunshot
507485__elanhickler__argi-gunshot-scifi-08.wav,15_11559.wav,15,Gunshot
507489__elanhickler__argi-gunshot-scifi-09.wav,15_11560.wav,15,Gunshot
407662__nagwense__gunshot.wav,15_11561.wav,15,Gunshot
511960.wav,15_11562.wav,15,Gunshot
384689__dobroide__20170318-gunshot-paradiso.wav,15_11563.wav,15,Gunshot
392226__morganpurkis__single-gunshot-6-2-hp.wav,15_11564.wav,15,Gunshot
563015__florianreichelt__a-loud-gunshot-in-the-woods.wav,15_11565.wav,15,Gunshot
578196__jjcunning__single-gunshot-help-identify-weapon-ak47-handgun-long-gun-or-shotgun.wav,15_11566.wav,15,Gunshot
564310__keybal__thermal-sniper-shot-2.wav,15_11567.wav,15,Gunshot
210531__sclolex__distantshot.wav,15_11568.wav,15,Gunshot
578198__jjcunning__ak47-or-pistol-gunfire-identify.wav,15_11569.wav,15,Gunshot
242854__semagnum__laser-shot.wav,15_11570.wav,15,Gunshot
320131__ylearkisto__kivaari-laukauksia-ulkona-rifle-single-shots-gunshots-also-ricochets-exterior.wav,15_11571.wav,15,Gunshot
353093__jg-booysen__sfx-pistol-gunshot.wav,15_11572.wav,15,Gunshot
191775__wordswar__gunshot.wav,15_11573.wav,15,Gunshot
147901__tcawte__gunshot.wav,15_11574.wav,15,Gunshot
360748__caitestthegreatest__gunshot-and-reverse.wav,15_11575.wav,15,Gunshot
481927__craigsmith__r27-14-break-sticks-and-twigs.wav,16_11601.wav,16,WoodChop
538075__thoryn__metl-knife-chopping-on-wooden-board-tas-h6.wav,16_11602.wav,16,WoodChop
269722__seth-m__wood-creaks.wav,16_11603.wav,16,WoodChop
366368__piggimon__wood-variations.wav,16_11604.wav,16,WoodChop
452558__kyles__axe-chops-through-thin-wood-trailer-rv-wall-and-tear-splinters-out-various.wav,16_11605.wav,16,WoodChop
452560__kyles__axe-chops-through-thin-wood-trailer-rv-wall-tearing-splinters-various.wav,16_11606.wav,16,WoodChop
452559__kyles__axe-chops-through-thin-wood-trailer-rv-wall-tearing-splinters-various-from-other-side.wav,16_11607.wav,16,WoodChop
490071__gaelanw__190155-choppingwood.wav,16_11608.wav,16,WoodChop
408971__marisca16__chopping-wood-in-forest.wav,16_11609.wav,16,WoodChop
328076__guntherdorksen__wood-chopping-chopping-hard-wood-with-metal-axe-sfx.wav,16_11610.wav,16,WoodChop
240980__dheming__wood-chop-01.wav,16_11611.wav,16,WoodChop
240984__dheming__wood-chop-03.wav,16_11612.wav,16,WoodChop
644455__studio-cill__axe-s-1.wav,16_11613.wav,16,WoodChop
320377__yadronoff__axe-chop.wav,16_11614.wav,16,WoodChop
386222__ldezem__wood-chopping-4.wav,16_11615.wav,16,WoodChop
232358__richerlandtv__heavy-impacts.wav,16_11616.wav,16,WoodChop
467580__ryusa__chop-footstep-impact-wood-surface.wav,16_11617.wav,16,WoodChop
452553__kyles__axe-chop-into-old-upside-down-wood-rowboat-hollow-nice-blade-pull-out-detail.wav,16_11618.wav,16,WoodChop
614449__atomixsound__woodcutfx-001.wav,16_11619.wav,16,WoodChop
454381__kyles__wood-impact-axe-chop-real-int-echo.wav,16_11620.wav,16,WoodChop
158973__cgeffex__chopping-wood-01.wav,16_11621.wav,16,WoodChop
158972__cgeffex__chopping-wood-02.wav,16_11622.wav,16,WoodChop
23700__hazure__chop.wav,16_11623.wav,16,WoodChop
258040__jagadamba__chopping-wood-01.wav,16_11624.wav,16,WoodChop
452561__kyles__axe-chops-through-thin-wood-trailer-rv-wall-tearing-splinters.wav,16_11625.wav,16,WoodChop
528894__jae-aye__bowl-put-down-on-table (1).wav,16_11626.wav,16,WoodChop
452555__kyles__axe-chops-into-thin-wood-masonite-trailer-rv-walls-metal-grill-hits-and-debris-and-tearing.wav,16_11627.wav,16,WoodChop
498971__16hpanskastrupek-jan__wood-chopping.wav,16_11628.wav,16,WoodChop
481891__craigsmith__r22-43-small-wood-drawer-close.wav,16_11629.wav,16,WoodChop
573813__trp__axe-chop-sequence-v1-mixed.wav,16_11630.wav,16,WoodChop
573812__trp__axe-chop-sequence-v2-mixed.wav,16_11631.wav,16,WoodChop
89983__abrann__sound-edit.wav,16_11632.wav,16,WoodChop
481880__craigsmith__r22-30-foley-chop-wood.wav,16_11633.wav,16,WoodChop
320376__yadronoff__axe-chopping.wav,16_11634.wav,16,WoodChop
445782__ddt197__wood-chopping.wav,16_11635.wav,16,WoodChop
366576__jittels__wood-chopping.wav,16_11636.wav,16,WoodChop
85534__maj061785__chopping-wood.wav,16_11637.wav,16,WoodChop
337712__iesp__wood-chopping.wav,16_11638.wav,16,WoodChop
261220__aldeainvisible__lena-firewood.wav,16_11639.wav,16,WoodChop
545549__rsellick__machete-table-metal-wood-clank.wav,16_11640.wav,16,WoodChop
410768__selector__axe-chopping-in-the-forest.wav,16_11641.wav,16,WoodChop
220951__islabonita__splitting-chopping-logs-in-a-shed.wav,16_11642.wav,16,WoodChop
461916__15hpecham__15hpecham-axe.wav,16_11643.wav,16,WoodChop
258039__jagadamba__chopping-wood-02.wav,16_11644.wav,16,WoodChop
419928__14fpanskasilovsky-petr__chopping-wood.wav,16_11645.wav,16,WoodChop
521402__matislav__chopping-small-wood-pieces.wav,16_11646.wav,16,WoodChop
258037__jagadamba__chopping-wood-02-reverb.wav,16_11647.wav,16,WoodChop
258038__jagadamba__chopping-wood-02-2-reverb.wav,16_11648.wav,16,WoodChop
533241__tosha73__chopping.wav,16_11649.wav,16,WoodChop
553391__eminyildirim__axe-wood-chopping.wav,16_11650.wav,16,WoodChop
337713__iesp__fast-wood-chopping.wav,16_11651.wav,16,WoodChop
445826__jchiledred__chopping-magazine.wav,16_11652.wav,16,WoodChop
537401__wavecal22__wood-crackling-9.wav,16_11653.wav,16,WoodChop
537436__wavecal22__wood-crackling-14.wav,16_11654.wav,16,WoodChop
521407__matislav__small-wooden-piece-chop-009.wav,16_11655.wav,16,WoodChop
521408__matislav__small-wooden-piece-chop-008.wav,16_11656.wav,16,WoodChop
521460__matislav__small-wooden-piece-chop-010.wav,16_11657.wav,16,WoodChop
521400__matislav__small-wooden-piece-chop-002.wav,16_11658.wav,16,WoodChop
521404__matislav__small-wooden-piece-chop-006.wav,16_11659.wav,16,WoodChop
521462__matislav__small-wooden-piece-chop-016.wav,16_11660.wav,16,WoodChop
521453__matislav__small-wooden-piece-throw-003.wav,16_11661.wav,16,WoodChop
521455__matislav__small-wooden-piece-throw-001.wav,16_11662.wav,16,WoodChop
514270__jtn191__wood-thump1.wav,16_11663.wav,16,WoodChop
512874__pppbala__woodlogs-impact-4824.wav,16_11664.wav,16,WoodChop
177045__veridiansunrise__log-split.wav,16_11665.wav,16,WoodChop
338026__iesp__chopping-wood.wav,16_11666.wav,16,WoodChop
445807__thoryn__chopping-magazine.wav,16_11667.wav,16,WoodChop
338026(1)__iesp__chopping-wood.wav,16_11668.wav,16,WoodChop
338026(2)__iesp__chopping-wood.wav,16_11669.wav,16,WoodChop
338026(3)__iesp__chopping-wood.wav,16_11670.wav,16,WoodChop
338026(4)__iesp__chopping-wood.wav,16_11671.wav,16,WoodChop
338026(5)__iesp__chopping-wood.wav,16_11672.wav,16,WoodChop
533241(1)__tosha73__chopping.wav,16_11673.wav,16,WoodChop
533241(2)__tosha73__chopping.wav,16_11674.wav,16,WoodChop
533241(3)__tosha73__chopping.wav,16_11675.wav,16,WoodChop